hash,previous_hash,data
d2f9a8459a09add5a8f72516d180a5a081fb67fde4987cbcbc33df686ac39edd,0,"9423434923,Gandi,2025-10-22,Evening"
b43abb500ae7ba51194cb700b4bd0589ea26b20a3932d595e1ed90f4a4e55e57,d2f9a8459a09add5a8f72516d180a5a081fb67fde4987cbcbc33df686ac39edd,"2570355948,Gandi,2025-10-22,Evening"
8eef86ea054eb49f07906966dee91b6ffbb7568ecbceb7df7f7fb59d22bfe5d7,b43abb500ae7ba51194cb700b4bd0589ea26b20a3932d595e1ed90f4a4e55e57,"1941095722,Gandi,2025-10-22,Evening"
c0263326b477530db90d759b856ca92dadee84162138188e45713e3434aa1661,8eef86ea054eb49f07906966dee91b6ffbb7568ecbceb7df7f7fb59d22bfe5d7,"1900386678,Gandi,2025-10-22,Evening"
5f8f0d18fc92442a3c2f5b9e2efd020aba189e53c65aa3dbb59cbe8dce7cee3f,c0263326b477530db90d759b856ca92dadee84162138188e45713e3434aa1661,"5627443151,Gandi,2025-10-22,Evening"
53341fcf20e154ffe9832d675f826eca1a49933cf031d77e52ad5433f04950aa,5f8f0d18fc92442a3c2f5b9e2efd020aba189e53c65aa3dbb59cbe8dce7cee3f,"9684188988,Gandi,2025-10-25,Morning"
bf48803cd9045fa81a1d6c8e479b1b6778d2c6420e35df3d93dd8265b56deda8,53341fcf20e154ffe9832d675f826eca1a49933cf031d77e52ad5433f04950aa,"1808593389,Chintal,2025-10-27,Morning"
b212374d159920171cf7bb0aab1c00dec61ba0a98914679c1260de42314ff0e4,bf48803cd9045fa81a1d6c8e479b1b6778d2c6420e35df3d93dd8265b56deda8,"9211497211,Gandi,2025-10-27,Morning"
fbe87603005987da90bf490a7c8d98db0c037b32e324ac1165a5e1c8a47dfa7a,b212374d159920171cf7bb0aab1c00dec61ba0a98914679c1260de42314ff0e4,"8378555085,Chintal,2025-10-25,Evening"
3b21c4ba3664b5d405124944520b77cd0845b12009a02e29d0a4ee302509700f,fbe87603005987da90bf490a7c8d98db0c037b32e324ac1165a5e1c8a47dfa7a,"7451814137,KPHB,2025-11-15,Evening"
180303460c280a522e8f24edede93ea9b35b2348d07137957c0dbebb34411bcd,3b21c4ba3664b5d405124944520b77cd0845b12009a02e29d0a4ee302509700f,"3256923259,KPHB,2025-10-28,Evening"
c0f746e324cf43e0d1eac2988d1774b9932996bad93a9d31cc9f478d27baace7,180303460c280a522e8f24edede93ea9b35b2348d07137957c0dbebb34411bcd,"1234567890,Gandi,2025-10-26,Evening"
4e6f5fb30800838a5bdddf3a4033142e5a511eed88f9690fbba84068755cf16c,c0f746e324cf43e0d1eac2988d1774b9932996bad93a9d31cc9f478d27baace7,"2345678901,Gandi,2025-10-27,Evening"
81c3daa0eda3df2efcee26eef65f69e36d95516643cd6586215263c026ee7043,4e6f5fb30800838a5bdddf3a4033142e5a511eed88f9690fbba84068755cf16c,"3456789012,Gandi,2025-10-28,Evening"
ae17da33387c2cef2c9e5c5e6635765daee65616f1e227ee9115fbdd33ddbbcb,81c3daa0eda3df2efcee26eef65f69e36d95516643cd6586215263c026ee7043,"4567890123,Gandi,2025-10-29,Evening"
f45b3c201d3e47766489033ed5876e7e5b0a0b84a9756e0f626a3c422f2e9ce7,ae17da33387c2cef2c9e5c5e6635765daee65616f1e227ee9115fbdd33ddbbcb,"5678901234,Gandi,2025-10-30,Evening"
03b4a868d882404bc762ffd24cfa0861b7a9d374f0860446e28917fb514304f2,f45b3c201d3e47766489033ed5876e7e5b0a0b84a9756e0f626a3c422f2e9ce7,"6789012345,Gandi,2025-10-31,Evening"
72e654b8c5e8c4be994b85ed7c806e1298c2817dba7049c4902729b2d39941b9,03b4a868d882404bc762ffd24cfa0861b7a9d374f0860446e28917fb514304f2,"7890123456,Gandi,2025-10-26,Evening"
7579a24b56e1052c699de92c76702f0783bd6161a624da15ab762958f7e52b2b,72e654b8c5e8c4be994b85ed7c806e1298c2817dba7049c4902729b2d39941b9,"8901234567,Gandi,2025-10-27,Evening"
a1d9792bddab54267594371c04370600bd9e10f6b49bb1188e503f153bfbd02c,7579a24b56e1052c699de92c76702f0783bd6161a624da15ab762958f7e52b2b,"9012345678,Gandi,2025-10-28,Evening"
b07d4cbfb233799ef36d64d23afe951f13108feff3bec22979c84b2331cbf678,a1d9792bddab54267594371c04370600bd9e10f6b49bb1188e503f153bfbd02c,"0123456789,Gandi,2025-10-29,Evening"
40a118f9cb24736c24d0521e5812b5c2b73c97e66b1a7e844fe68f7ec798baa6,b07d4cbfb233799ef36d64d23afe951f13108feff3bec22979c84b2331cbf678,"1234567800,Gandi,2025-10-30,Evening"
55256b97297c240869dd2f6aa70e8f5e711c1e4db43e139047a4bff83fd6346d,40a118f9cb24736c24d0521e5812b5c2b73c97e66b1a7e844fe68f7ec798baa6,"3456789013,Gandi,2025-10-31,Evening"
5bb774353f1139db2508ea59b773e7267d721734a185a2e5ca53dfad80c00800,55256b97297c240869dd2f6aa70e8f5e711c1e4db43e139047a4bff83fd6346d,"4567890124,Gandi,2025-10-26,Evening"
9877bc42286454bfd7ad8bc090c15d03c5b2923e4827def52b63cebf84a7b5ec,5bb774353f1139db2508ea59b773e7267d721734a185a2e5ca53dfad80c00800,"5678901235,Gandi,2025-10-27,Evening"
fdaa52d60d28d8cbfae65f8b50c2030ea9fc69990a1f6f95f870d1e050a0861c,9877bc42286454bfd7ad8bc090c15d03c5b2923e4827def52b63cebf84a7b5ec,"6789012346,Gandi,2025-10-28,Evening"
64eb9a1cfd0a8520d773c684f12ccbae6a3c36460c6d9413eeeace7b958eba1d,fdaa52d60d28d8cbfae65f8b50c2030ea9fc69990a1f6f95f870d1e050a0861c,"7890123457,Gandi,2025-10-29,Evening"
5ada3252699ab727ef251cf97d9cd1233f46a91dea0cf9722efc78cec41cc100,64eb9a1cfd0a8520d773c684f12ccbae6a3c36460c6d9413eeeace7b958eba1d,"8901234568,Gandi,2025-10-30,Evening"
bb7fa0d1448dc40f3d385b60794afd1f1b58b60b12a0ba825ce3d3759b3acea6,5ada3252699ab727ef251cf97d9cd1233f46a91dea0cf9722efc78cec41cc100,"9012345679,Gandi,2025-10-31,Evening"
80e7fdcdc8693abc063117b043a2bc0deed72e873ce11df90ce33ffa899a254f,bb7fa0d1448dc40f3d385b60794afd1f1b58b60b12a0ba825ce3d3759b3acea6,"0123456790,Gandi,2025-10-26,Evening"
cc018509844e86dc2395e314a31cb9b3fe053fbd89e5de4e418854128357c53b,80e7fdcdc8693abc063117b043a2bc0deed72e873ce11df90ce33ffa899a254f,"1234567891,Gandi,2025-10-27,Evening"
71e654124312683067c47443f22c4b21998a0be22af29ff87a423d109da44c4f,cc018509844e86dc2395e314a31cb9b3fe053fbd89e5de4e418854128357c53b,"2345678903,Gandi,2025-10-28,Evening"
620212b03d677d4236aa10921d486ad54c564dc9e2475b1c58ba8f12ab901c69,71e654124312683067c47443f22c4b21998a0be22af29ff87a423d109da44c4f,"3456789014,Gandi,2025-10-29,Evening"
04a7962b08c436e8f10a9f8dc0315439fbbef6e58a0f0276d010d555fbb4db44,620212b03d677d4236aa10921d486ad54c564dc9e2475b1c58ba8f12ab901c69,"4567890125,Gandi,2025-10-30,Evening"
9372483987ab485b8246ae3ba59ee1e3a8f2d1706a4cbcd060b71687efd54ebc,04a7962b08c436e8f10a9f8dc0315439fbbef6e58a0f0276d010d555fbb4db44,"5678901236,Gandi,2025-10-31,Evening"
1c9a3d97bbc3912e2babf4dd6a709de45e476cc7864817b19b49c78dd094dbe9,9372483987ab485b8246ae3ba59ee1e3a8f2d1706a4cbcd060b71687efd54ebc,"6789012347,Shapure,2025-10-26,Morning"
c00e5c7d5f5c471e87cf0de6e8b781aabc12625065890de5e926f69f2ff5788f,1c9a3d97bbc3912e2babf4dd6a709de45e476cc7864817b19b49c78dd094dbe9,"7890123458,Shapure,2025-10-27,Morning"
8335ed640335e848e785e113881727a94f60b6ea69bb8238ef5f6b3ab7b24c4d,c00e5c7d5f5c471e87cf0de6e8b781aabc12625065890de5e926f69f2ff5788f,"8901234569,Shapure,2025-10-28,Morning"
03f0aa152a212a319880e7882a78baf7c66658e3b603c4d9574bac6196f5cecf,8335ed640335e848e785e113881727a94f60b6ea69bb8238ef5f6b3ab7b24c4d,"9012345680,Gandi,2025-10-30,Morning"
c43e6dcf3b375aba1bf85642a32ef6be62c9fc4b25727d8a6b3897fd6e6b62b6,03f0aa152a212a319880e7882a78baf7c66658e3b603c4d9574bac6196f5cecf,"0123456791,Shapure,2025-10-30,Morning"
d467a475d64fa1da3f8562a71d95da47d8f039212276452dadc2c864f9c80d83,c43e6dcf3b375aba1bf85642a32ef6be62c9fc4b25727d8a6b3897fd6e6b62b6,"1234567892,Chintal,2025-10-30,Morning"
a4a4f87f812a02d719ff89bc4ab80f178b8fd473e8859c37005d4f6c0cc00382,d467a475d64fa1da3f8562a71d95da47d8f039212276452dadc2c864f9c80d83,"2345678904,KPHB,2025-11-03,Morning"
2cf22d4b769532fe67a0ed0342d5b1b66c0c462283011a91bf02692ed0ef2d94,a4a4f87f812a02d719ff89bc4ab80f178b8fd473e8859c37005d4f6c0cc00382,"3456789015,KPHB,2025-11-03,Morning"
31f2c5e0d7a170f1190894e75884d917e317caceb8ef61304488a844ff3eaf4e,2cf22d4b769532fe67a0ed0342d5b1b66c0c462283011a91bf02692ed0ef2d94,"4567890126,KPHB,2025-11-03,Morning"
8a34929dcc70539cb4aa65054573928a8b5cfba8700dac77154fd2bcb2eb0480,31f2c5e0d7a170f1190894e75884d917e317caceb8ef61304488a844ff3eaf4e,"5678901237,Chintal,2025-11-03,Evening"
ef37db4918ac681caab00d3c258a55bb5f510a59a4bed7ba239b8b00500893f0,8a34929dcc70539cb4aa65054573928a8b5cfba8700dac77154fd2bcb2eb0480,"6789012348,Chintal,2025-11-03,Morning"
ba6e03618aac37e372cd905b13ed674994e14f254b0766f5aa52fd4440405643,ef37db4918ac681caab00d3c258a55bb5f510a59a4bed7ba239b8b00500893f0,"7890123459,Chintal,2025-11-03,Evening"
73a80ffa92d57803e2b611ed45ecdee80cba6b7d139b50ac4f4599ba4d976096,ba6e03618aac37e372cd905b13ed674994e14f254b0766f5aa52fd4440405643,"8901234570,Chintal,2025-11-03,Evening"
dceb4bf77130a3e9a1d19bc9a5e8a955f77fc5906b93844392ec3649a5878f6d,73a80ffa92d57803e2b611ed45ecdee80cba6b7d139b50ac4f4599ba4d976096,"9012345681,Chintal,2025-11-03,Morning"
efb1dcf6b6a7921abe12d4a430137b09c6cc17308789599566df271dbebea5f6,dceb4bf77130a3e9a1d19bc9a5e8a955f77fc5906b93844392ec3649a5878f6d,"0123456792,Chintal,2025-11-03,Morning"
f434f75c5388eab85f9b86b017900c8fc10f304515cc0bbc0ed26314ccc4ffd4,efb1dcf6b6a7921abe12d4a430137b09c6cc17308789599566df271dbebea5f6,"1234567893,Chintal,2025-11-03,Evening"
af59e3597ed38474f6a861f9358d816929ac757b391e20cd9dc99a2a16c30603,f434f75c5388eab85f9b86b017900c8fc10f304515cc0bbc0ed26314ccc4ffd4,"2345678905,Chintal,2025-11-03,Evening"
429e20ec63808e54fb0d366f72e154a60865bc695051e3a466870987e467d1fe,af59e3597ed38474f6a861f9358d816929ac757b391e20cd9dc99a2a16c30603,"3456789016,Chintal,2025-11-03,Evening"
f7c65ead4ff2366830124a32ce0604a5f1355ee3f42e3bef5f8420bac31be72d,429e20ec63808e54fb0d366f72e154a60865bc695051e3a466870987e467d1fe,"1234567904,Chintal,2025-11-20,Evening"
