card_number,password
2570355948,padala karthik
1941095722,karthik
1900386678,padala karthik
5627443151,padala karthik
9684188988,padala karthik
1808593389,padala karthik
9211497211,karthik
8378555085,dhanush
2226833898,karthik
7451814137,karthik
9645584733,karthik
9423434923,karthik
3256923259,karthik
1234567890,karthik
2345678901,karthik
3456789012,karthik
4567890123,karthik
5678901234,karthik
6789012345,karthik
7890123456,karthik
8901234567,karthik
9012345678,karthik
0123456789,karthik
1234567800,karthik
2345678902,karthik
3456789013,karthik
4567890124,karthik
5678901235,karthik
6789012346,karthik
7890123457,karthik
8901234568,karthik
9012345679,karthik
0123456790,karthik
1234567891,karthik
2345678903,karthik
3456789014,karthik
4567890125,karthik
5678901236,karthik
6789012347,karthik
7890123458,karthik
8901234569,karthik
9012345680,karthik
0123456791,karthik
1234567892,karthik
2345678904,karthik
3456789015,karthik
4567890126,karthik
5678901237,karthik
6789012348,karthik
7890123459,karthik
8901234570,karthik
9012345681,karthik
0123456792,karthik
1234567893,karthik
2345678905,karthik
3456789016,karthik
1234567904,car
